{
  "1": {
    "red": -0.0616381073541172,
    "yellow": -0.0136957317819969
  },
  "2": {
    "red": -0.005986956894275901,
    "yellow": -0.00075124337932555
  },
  "3": {
    "red": -0.007690068996450428,
    "yellow": -0.0005259708337319
  },
  "4": {
    "red": -0.0014322502919012264,
    "yellow": 1.2470764963588636e-05
  },
  "5": {
    "red": -0.00029863871422788646,
    "yellow": 8.784470261870685e-05
  },
  "6": {
    "red": -0.00023191333364704504,
    "yellow": 6.855026635985468e-05
  },
  "7": {
    "red": 5.819306075531123e-05,
    "yellow": 0.0010609383673704
  },
  "8": {
    "red": 9.629337540992454e-05,
    "yellow": 0.0012406441095475
  },
  "9": {
    "red": 0.0003405012792249396,
    "yellow": 0.0016845109281589
  }
}