{
  "1": {
    "red": 0.0,
    "yellow": 0.058774406351296424
  },
  "2": {
    "red": 0.1396202430546325,
    "yellow": 0.26815872612529223
  },
  "3": {
    "red": 0.1231858373150721,
    "yellow": 0.2788425686169462
  },
  "4": {
    "red": 0.0856847608264361,
    "yellow": 0.3464471161273261
  },
  "5": {
    "red": 0.3281908220069602,
    "yellow": 0.49020058690190155
  },
  "6": {
    "red": 0.31203816667547907,
    "yellow": 0.49926957115024917
  },
  "7": {
    "red": 0.5172583934761087,
    "yellow": 0.7164280619047925
  },
  "8": {
    "red": 0.5363030231922794,
    "yellow": 0.720778384503128
  },
  "9": {
    "red": 0.5639120148884059,
    "yellow": 0.7564100267512536
  }
}