{
  "1": {
    "red": 28.328790937125103,
    "yellow": 46.35140089606342
  },
  "2": {
    "red": 28.63380409495078,
    "yellow": 53.863671081924714
  },
  "3": {
    "red": 28.937383039379487,
    "yellow": 54.772041644243245
  },
  "4": {
    "red": 25.183666688346804,
    "yellow": 52.81812520659246
  },
  "5": {
    "red": 27.82691303778717,
    "yellow": 54.38983102134338
  },
  "6": {
    "red": 27.778474961505395,
    "yellow": 52.53029940208833
  },
  "7": {
    "red": 27.511421522474357,
    "yellow": 54.29445886305617
  },
  "8": {
    "red": 30.814390308167027,
    "yellow": 56.17526419738415
  },
  "9": {
    "red": 32.598273696057596,
    "yellow": 56.90792636984138
  }
}