{
  "1": {
    "red": 0.9438412325280842,
    "yellow": 0.9866094547245825
  },
  "2": {
    "red": 0.8562096183468013,
    "yellow": 0.9303166910390881
  },
  "3": {
    "red": 0.8371032047946677,
    "yellow": 0.9205634359409525
  },
  "4": {
    "red": 0.9610758229896822,
    "yellow": 1.0087883260776112
  },
  "5": {
    "red": 0.8517897597837096,
    "yellow": 0.9273193908498063
  },
  "6": {
    "red": 0.899255581678497,
    "yellow": 0.956724565551304
  },
  "7": {
    "red": 0.9103571894355033,
    "yellow": 0.9750539324175787
  },
  "8": {
    "red": 0.90086146341363,
    "yellow": 0.9754531751822983
  },
  "9": {
    "red": 0.915425468417304,
    "yellow": 0.967399285147238
  }
}