{
  "1": {
    "red": -0.3464362652068287,
    "yellow": -0.0009510432227988
  },
  "2": {
    "red": -0.05548068697292785,
    "yellow": 0.0008353178545496971
  },
  "3": {
    "red": -0.04110290457609943,
    "yellow": 0.005826506345990801
  },
  "4": {
    "red": -0.0072900730283609,
    "yellow": 0.011168231084343571
  },
  "5": {
    "red": -0.00496677738647985,
    "yellow": 0.02819976916599166
  },
  "6": {
    "red": -0.006030980319631925,
    "yellow": 0.014634188611083331
  },
  "7": {
    "red": -0.0001299180749601,
    "yellow": 0.02885823892689385
  },
  "8": {
    "red": 3.20290833561476e-06,
    "yellow": 0.05845263995975712
  },
  "9": {
    "red": 0.00010376436935536642,
    "yellow": 0.07650902026633256
  }
}