{
  "1": {
    "red": 19.02478312089308,
    "yellow": 39.19155192092092
  },
  "2": {
    "red": 25.47977962701752,
    "yellow": 49.100428762268855
  },
  "3": {
    "red": 27.74061811838523,
    "yellow": 52.10805729020724
  },
  "4": {
    "red": 33.97086544884952,
    "yellow": 56.816592521683056
  },
  "5": {
    "red": 35.577140384377415,
    "yellow": 58.96482328149332
  },
  "6": {
    "red": 36.301028398666936,
    "yellow": 60.64017281467311
  },
  "7": {
    "red": 46.86012218383505,
    "yellow": 68.84089317997069
  },
  "8": {
    "red": 48.085575585681624,
    "yellow": 70.96944124311537
  },
  "9": {
    "red": 49.45982020312864,
    "yellow": 73.52691803243341
  }
}